model,nb_lignes,nb_disques_uniques,nb_pannes,date_min,date_max
ST4000DM000,2012243,36144,150,2016-01-01,2022-09-01
ST12000NM0007,1181954,38771,53,2017-10-01,2022-09-01
ST8000NM0055,900234,15424,31,2017-01-01,2022-09-01
ST8000DM002,706020,10284,29,2016-06-01,2022-09-01
TOSHIBA MG07ACA14TA,862744,38832,19,2018-07-01,2022-09-01
ST12000NM0008,598732,20600,16,2019-11-01,2022-09-01
ST500LM012 HN,45900,803,11,2016-01-01,2022-09-01
TOSHIBA MQ01ABF050,26635,583,10,2016-07-01,2022-09-01
ST14000NM001G,206442,10911,9,2020-10-01,2022-09-01
HGST HMS5C4040BLE640,999372,16310,6,2016-01-01,2022-09-01
HGST HUH721212ALN604,448447,10973,6,2018-08-01,2022-09-01
HGST HMS5C4040ALE640,377877,8638,6,2016-01-01,2022-09-01
ST12000NM001G,271238,12644,5,2020-06-01,2022-09-01
ST14000NM0138,33128,1688,5,2020-12-01,2022-09-01
ST16000NM001G,181877,19397,4,2019-11-01,2022-09-01
TOSHIBA MQ01ABF050M,20095,452,4,2017-04-01,2022-09-01
Hitachi HDS5C3030ALA630,79943,4563,3,2016-01-01,2017-09-01
ST500LM030,10469,289,3,2018-09-01,2022-09-01
HP SSD S700 250GB,157,100,3,2021-09-01,2021-12-01
TOSHIBA MG08ACA16TE,59475,6021,2,2021-10-01,2022-09-01
ST6000DX000,108145,1912,2,2016-01-01,2022-09-01
ST10000NM0086,72152,1282,2,2017-10-01,2022-09-01
Hitachi HDS723030ALA640,16308,1000,2,2016-01-01,2017-06-01
ST4000DX000,4337,212,2,2016-01-01,2017-12-01
ST4000DM005,2572,88,2,2017-12-01,2022-09-01
ST320LT007,542,73,2,2016-01-01,2019-09-01
Hitachi HDS722020ALA330,32761,4503,1,2016-01-01,2018-03-01
TOSHIBA MG08ACA16TEY,47823,4264,1,2020-11-01,2022-09-01
Hitachi HDS5C4040ALE630,68044,2639,1,2016-01-01,2022-09-01
HGST HUH728080ALE600,61043,1196,1,2016-01-01,2022-09-01
Seagate BarraCuda SSD ZA250CM10002,16772,569,1,2019-09-01,2022-09-01
WDC WD60EFRX,17154,471,1,2016-01-01,2022-09-01
WDC WD5000LPVX,20242,343,1,2016-01-01,2022-09-01
WDC WD20EFRX,1100,158,1,2016-01-01,2017-02-01
Seagate SSD,4012,109,1,2019-06-01,2022-09-01
WDC WD1600AAJS,2262,101,1,2016-01-01,2019-01-01
ST12000NM0117,279,27,1,2019-09-01,2022-09-01
ST9320325AS,691,24,1,2016-01-01,2018-10-01
ST8000DM004,94,5,1,2018-07-01,2021-08-01
HGST HUH721212ALE604,230731,13245,0,2020-08-01,2022-09-01
WDC WUH721414ALE6L4,173787,8446,0,2020-11-01,2022-09-01
WDC WUH721816ALE6L4,13080,6000,0,2022-03-01,2022-09-01
WDC WUH721816ALE6L0,29033,2704,0,2021-04-01,2022-09-01
HGST HUH721212ALE600,91025,2629,0,2019-04-01,2022-09-01
TOSHIBA MG08ACA16TA,8663,2560,0,2020-03-01,2022-09-01
WDC  WUH721414ALE6L4,2763,2336,0,2020-11-01,2022-08-01
WDC WD30EFRX,21517,1163,0,2016-01-01,2018-08-01
Seagate BarraCuda 120 SSD ZA250CM10003,19972,1117,0,2020-04-01,2022-09-01
WDC  WUH721816ALE6L0,1009,831,0,2021-04-01,2022-08-01
TOSHIBA MG07ACA14TEY,9414,537,0,2020-12-01,2022-09-01
ST4000DM001,3138,418,0,2017-07-01,2018-02-01
CT250MX500SSD1,1963,417,0,2021-12-01,2022-09-01
DELLBOSS VD,6230,371,0,2019-04-01,2022-09-01
ST16000NM002J,623,312,0,2022-08-01,2022-09-01
ST31500541AS,1162,262,0,2016-01-01,2018-03-01
WDC WD10EADS,176,148,0,2016-03-01,2017-01-01
TOSHIBA MD04ABA400V,9812,147,0,2016-01-01,2022-09-01
HGST HDS5C4040ALE630,4025,116,0,2016-01-01,2022-09-01
WDC  WUH721816ALE6L4,117,112,0,2022-03-01,2022-08-01
MTFDDAV240TCB,1930,97,0,2020-11-01,2022-09-01
HGST HUH728080ALE604,593,90,0,2021-09-01,2022-09-01
ST8000NM000A,849,79,0,2021-03-01,2022-09-01
ST18000NM000J,1440,64,0,2020-10-01,2022-09-01
WDC WD5000LPCX,3933,57,0,2016-07-01,2022-09-01
ST9250315AS,1475,56,0,2016-01-01,2019-09-01
HGST HUS726040ALE610,1779,54,0,2017-06-01,2022-09-01
ST3160316AS,928,53,0,2016-01-01,2019-01-01
TOSHIBA DT01ACA300,900,48,0,2016-01-01,2017-08-01
WDC WD40EFRX,1566,48,0,2016-01-01,2019-03-01
ST3160318AS,536,47,0,2016-01-01,2019-01-01
TOSHIBA MD04ABA500V,1800,46,0,2016-01-01,2019-04-01
WDC WDS250G2B0A,386,45,0,2021-12-01,2022-09-01
HGST HDS724040ALE640,863,40,0,2016-01-01,2022-09-01
ST14000NM0018,514,40,0,2020-11-01,2022-09-01
ST250LM004 HN,803,35,0,2016-01-01,2019-01-01
ST500LM021,1346,33,0,2019-04-01,2022-09-01
WDC WD10EACS,34,31,0,2016-03-01,2017-01-01
ST8000DM005,1235,26,0,2017-11-01,2022-09-01
ST16000NM005G,546,26,0,2021-01-01,2022-09-01
WDC WD5000BPKT,1134,24,0,2016-01-01,2022-09-01
ST10000NM001G,190,24,0,2021-04-01,2022-09-01
TOSHIBA HDWF180,1006,23,0,2018-04-01,2022-09-01
HGST HUH721010ALE600,887,20,0,2018-11-01,2022-09-01
ST4000DM004,125,20,0,2022-03-01,2022-09-01
Seagate BarraCuda SSD ZA500CM10002,807,18,0,2018-11-01,2022-09-01
ST6000DM001,496,15,0,2016-10-01,2022-09-01
WDC WD800AAJS,64,14,0,2016-01-01,2016-05-01
Seagate IronWolf ZA250NM10002,34,13,0,2022-07-01,2022-09-01
WDC WD3200BEKX,218,11,0,2016-01-01,2019-01-01
TOSHIBA HDWE160,266,10,0,2017-11-01,2022-09-01
Hitachi HDS723030BLE640,171,9,0,2016-01-01,2017-08-01
Samsung SSD 850 EVO 1TB,9,9,0,2018-02-01,2018-02-01
Hitachi HDS723020BLA642,52,8,0,2016-01-01,2016-08-01
WDC WD2500BPVT,197,8,0,2016-01-01,2018-04-01
WDC WD800AAJB,23,7,0,2016-01-01,2016-05-01
ST4000DX002,78,7,0,2016-04-01,2018-03-01
ST2000VN000,44,6,0,2016-01-01,2016-08-01
WDC WD1600AAJB,24,6,0,2016-01-01,2016-06-01
WDC  WDS250G2B0A,7,6,0,2021-12-01,2022-06-01
WDC WD5002ABYS,70,5,0,2016-01-01,2017-12-01
WDC WD800BB,16,5,0,2016-01-01,2016-04-01
ST250LT007,14,4,0,2016-01-01,2016-05-01
WDC WD800JB,14,4,0,2016-01-01,2016-05-01
WDC WD10EADX,6,4,0,2016-03-01,2017-01-01
Seagate BarraCuda SSD ZA2000CM10002,153,4,0,2019-01-01,2022-09-01
SSDSCKKB480G8R,10,4,0,2021-01-01,2021-03-01
Hitachi HDS724040ALE640,88,3,0,2016-01-01,2019-01-01
WDC WD2500AAJS,93,3,0,2016-01-01,2019-03-01
WDC WD3200AAJS,83,3,0,2016-01-01,2019-01-01
ST6000DM004,72,3,0,2017-12-01,2022-09-01
Seagate BarraCuda 120 SSD ZA500CM10003,9,3,0,2022-07-01,2022-09-01
WDC WD1600BPVT,28,2,0,2016-01-01,2018-04-01
WDC WD3200AAJB,6,2,0,2016-01-01,2016-03-01
WDC WD5003ABYX,35,2,0,2016-01-01,2017-07-01
WDC WD10EARS,2,2,0,2016-03-01,2016-08-01
MTFDDAV240TDU,10,2,0,2020-11-01,2021-03-01
Seagate FireCuda 120 SSD ZA500GM10001,3,2,0,2022-08-01,2022-09-01
HGST HUS728T8TALE6L4,2,2,0,2022-09-01,2022-09-01
Hitachi HDS5C3030BLE630,16,1,0,2016-01-01,2017-04-01
Hitachi HDT725025VLA380,16,1,0,2016-01-01,2017-04-01
SAMSUNG HD154UI,1,1,0,2016-01-01,2016-01-01
ST31500341AS,1,1,0,2016-01-01,2016-01-01
ST3500320AS,17,1,0,2016-01-01,2017-05-01
WDC WD2500AAJB,6,1,0,2016-01-01,2016-06-01
WDC WD2500BEVT,16,1,0,2016-01-01,2017-04-01
WDC WD3200AAKS,18,1,0,2016-01-01,2018-03-01
WDC WD3200BEKT,4,1,0,2016-01-01,2016-04-01
WDC WD3200LPVX,30,1,0,2016-01-01,2018-06-01
WDC WD800JD,3,1,0,2016-01-01,2016-03-01
WDC WD800LB,3,1,0,2016-01-01,2016-03-01
WDC WD15EARS,1,1,0,2016-03-01,2016-03-01
ST33000651AS,20,1,0,2016-08-01,2018-03-01
WDC WD1001FALS,1,1,0,2016-09-01,2016-09-01
WDC WD10EALS,1,1,0,2016-09-01,2016-09-01
ST1000LM024 HN,66,1,0,2016-12-01,2022-09-01
WDC WD1000FYPS,1,1,0,2017-01-01,2017-01-01
HGST HMS5C4040BLE641,47,1,0,2018-11-01,2022-09-01
